# Common 16S rRNA primers (5'->3', IUPAC). Used to detect which primers are at the start of the reads.
# Add a line for a primer that is missing; nothing else needs to change.
# References: Klindworth et al. 2013 (NAR 41:e1); Caporaso et al. 2011 (PNAS 108:4516); Apprill et al. 2015 (AME 75:129);
#             Parada et al. 2016 (Environ Microbiol 18:1403); Frank et al. 2008 (AEM 74:2461); Chelius & Triplett 2001 (Microb Ecol 41:252)
name	direction	region	sequence
27F	F	V1	AGAGTTTGATCMTGGCTCAG
27F-YM	F	V1	AGAGTTTGATYMTGGCTCAG
338F	F	V3	ACTCCTACGGGAGGCAGCAG
341F	F	V3	CCTACGGGNGGCWGCAG
357F	F	V3	CCTACGGGAGGCAGCAG
515F	F	V4	GTGCCAGCMGCCGCGGTAA
515F-Y	F	V4	GTGYCAGCMGCCGCGGTAA
784F	F	V5	AGGATTAGATACCCTGGTA
799F	F	V5	AACMGGATTAGATACCCKG
967F	F	V6	CAACGCGAAGAACCTTACC
338R	R	V2	GCTGCCTCCCGTAGGAGT
534R	R	V3	ATTACCGCGGCTGCTGG
805R	R	V4	GACTACHVGGGTATCTAATCC
806R	R	V4	GGACTACHVGGGTWTCTAAT
806RB	R	V4	GGACTACNVGGGTWTCTAAT
926R	R	V5	CCGYCAATTYMTTTRAGTTT
1064R	R	V6	CGACRRCCATGCANCACCT
1193R	R	V7	ACGTCATCCCCACCTTCC
1391R	R	V8	GACGGGCGGTGTGTRCA
1401R	R	V8	CGGTGTGTACAAGACCC
